Series_Title,Released_Year,Genre,Runtime,IMDB_Rating,Overview,Country,Release_Date,Localized_Title,Censorship_Rating
La montaña sagrada,1973,"Adventure, Drama, Fantasy",114 min,7.9,"In a corrupt, greed-fueled world, a powerful alchemist leads a messianic character and seven materialistic figures to the Holy Mountain, where they hope to achieve enlightenment.",United Kingdom,2022-02-26,,G
American Beauty,1999,Drama,122 min,8.3,A sexually frustrated suburban father has a mid-life crisis after becoming infatuated with his daughter's best friend.,,2012-05-30,,NC-17
Who Framed Roger Rabbit,1988,"Animation, Adventure, Comedy",104 min,7.7,,Iran,2000-04-22,Balanced 24/7 structure,PG
Inglourious Basterds,2009,"Adventure, Drama, War",153 min,8.3,"In Nazi-occupied France during World War II, a plan to assassinate Nazi leaders by a group of Jewish U.S. soldiers coincides with a theatre owner's vengeful plans for the same.",United Kingdom,2021-05-11,Automated tangible forecast,G
"Three Billboards Outside Ebbing, Missouri",2017,"Comedy, Crime, Drama",115 min,8.2,A mother personally challenges the local authorities to solve her daughter's murder when they fail to catch the culprit.,Israel,2017-03-16,Up-sized zero-defect infrastructure,G
Slumdog Millionaire,2008,"Drama, Romance",120 min,8.0,"A Mumbai teenager reflects on his life after being accused of cheating on the Indian version of ""Who Wants to be a Millionaire?"".",North Macedonia,2023-06-09,Quality-focused asynchronous time-frame,NC-17
Dead Man,1995,"Adventure, Drama, Fantasy",121 min,,"On the run after murdering a man, accountant William Blake encounters a strange aboriginal American man named Nobody who prepares him for his journey into the spiritual world.",Macao,2016-07-04,Digitized zero-defect concept,R
Tangled,2010,"Animation, Adventure, Comedy",100 min,7.7,"The magically long-haired Rapunzel has spent her entire life in a tower, but now that a runaway thief has stumbled upon her, she is about to discover the world for the first time, and who she really is.",Sao Tome and Principe,1998-09-28,,PG-13
Baby Driver,2017,"Action, Crime, Drama",113 min,7.6,"After being coerced into working for a crime boss, a young getaway driver finds himself taking part in a heist doomed to fail.",Madagascar,2013-06-20,,PG
1917,2019,"Drama, Thriller, War",119 min,8.3,"April 6th, 1917. As a regiment assembles to wage war deep in enemy territory, two soldiers are assigned to race against time and deliver a message that will stop 1,600 men from walking straight into a deadly trap.",Palau,2021-07-03,,Unrated
Birdman or (The Unexpected Virtue of Ignorance),2014,"Comedy, Drama",119 min,7.7,"A washed-up superhero actor attempts to revive his fading career by writing, directing, and starring in a Broadway production.",Saint Helena,2015-09-11,Exclusive explicit portal,
Ying xiong,2002,"Action, Adventure, History",120 min,7.9,"A defense officer, Nameless, was summoned by the King of Qin regarding his success of terminating three warriors.",Holy See (Vatican City State),,Intuitive intermediate standardization,PG
The Sixth Sense,1999,"Drama, Mystery, Thriller",107 min,8.1,A boy who communicates with spirits seeks the help of a disheartened child psychologist.,Mexico,2004-05-08,,NC-17
Goodfellas,1990,"Biography, Crime, Drama",146 min,8.7,"The story of Henry Hill and his life in the mob, covering his relationship with his wife Karen Hill and his mob partners Jimmy Conway and Tommy DeVito in the Italian-American crime syndicate.",Jersey,2011-05-20,,Unrated
Dangal,2016,,161 min,8.4,,Azerbaijan,2005-05-18,,NC-17
The Warriors,1979,"Action, Crime, Thriller",92 min,7.6,"In the near future, a charismatic leader summons the street gangs of New York City in a bid to take it over. When he is killed, The Warriors are falsely blamed and now must fight their way home while every other gang is hunting them down.",Guinea-Bissau,1998-04-04,Operative hybrid policy,R
Philomena,2013,"Biography, Comedy, Drama",98 min,7.6,"A world-weary political journalist picks up the story of a woman's search for her son, who was taken away from her decades ago after she became pregnant and was forced to live in a convent.",Chile,2005-05-09,,PG-13
Short Cuts,1993,"Comedy, Drama",188 min,7.7,The day-to-day lives of several suburban Los Angeles residents.,Malaysia,2001-01-08,Phased human-resource migration,G
Zerkalo,1975,"Biography, Drama",107 min,8.1,"A dying man in his forties remembers his past. His childhood, his mother, the war, personal moments and things that tell of the recent history of all the Russian nation.",Guinea-Bissau,1995-12-27,Robust optimal artificial intelligence,PG-13
Babam ve Oglum,2005,"Drama, Family",112 min,8.3,The family of a left-wing journalist is torn apart after the military coup of Turkey in 1980.,Uruguay,2022-04-21,,G
Baahubali 2: The Conclusion,2017,"Action, Drama",167 min,8.2,"When Shiva, the son of Bahubali, learns about his heritage, he begins to look for answers. His story is juxtaposed with past events that unfolded in the Mahishmati Kingdom.",Eritrea,,,
Tôkyô goddofâzâzu,2003,"Animation, Adventure, Comedy",90 min,7.8,"On Christmas Eve, three homeless people living on the streets of Tokyo discover a newborn baby among the trash and set out to find its parents.",Japan,1999-11-18,Distributed exuding benchmark,R
Room,2015,"Drama, Thriller",118 min,8.1,"Held captive for 7 years in an enclosed space, a woman and her young son finally gain their freedom, allowing the boy to experience the outside world for the first time.",Puerto Rico,,,Unrated
L.A. Confidential,1997,"Crime, Drama, Mystery",138 min,8.2,"As corruption grows in 1950s Los Angeles, three policemen - one strait-laced, one brutal, and one sleazy - investigate a series of murders with their own brand of justice.",Vietnam,2017-11-27,,PG-13
Veer-Zaara,2004,"Drama, Family, Musical",192 min,7.8,"Veer-Zaara is a saga of love, separation, courage and sacrifice. A love story that is an inspiration and will remain a legend forever.",Kuwait,2019-11-22,,Unrated
Heat,1995,"Crime, Drama, Thriller",170 min,8.2,A group of professional bank robbers start to feel the heat from police when they unknowingly leave a clue at their latest heist.,United Arab Emirates,2004-01-09,,G
I Am Sam,2001,Drama,132 min,7.7,A mentally handicapped man fights for custody of his 7-year-old daughter and in the process teaches his cold-hearted lawyer the value of love and family.,Barbados,2025-02-16,,Unrated
Cowboy Bebop: Tengoku no tobira,2001,"Animation, Action, Crime",115 min,7.9,"A terrorist explosion releases a deadly virus on the masses, and it's up the bounty-hunting Bebop crew to catch the cold-blooded culprit.",Tanzania,2004-12-15,Operative value-added ability,NC-17
Star Trek Into Darkness,2013,,132 min,7.7,"After the crew of the Enterprise find an unstoppable force of terror from within their own organization, Captain Kirk leads a manhunt to a war-zone world to capture a one-man weapon of mass destruction.",Yemen,2024-11-05,,PG-13
Lost Highway,1997,"Mystery, Thriller",134 min,7.6,"Anonymous videotapes presage a musician's murder conviction, and a gangster's girlfriend leads a mechanic astray.",Lebanon,2000-01-30,,G
Inception,2010,"Action, Adventure, Sci-Fi",148 min,8.8,A thief who steals corporate secrets through the use of dream-sharing technology is given the inverse task of planting an idea into the mind of a C.E.O.,Saudi Arabia,2015-08-08,,Unrated
Bãhubali: The Beginning,2015,"Action, Drama",159 min,8.0,"In ancient India, an adventurous and daring man becomes involved in a decades-old feud between two warring peoples.",Croatia,2010-06-17,Fully-configurable maximized core,PG
Persepolis,2007,"Animation, Biography, Drama",96 min,8.0,,Montenegro,1996-12-22,Synchronized bifurcated concept,R
Mission: Impossible - Fallout,2018,"Action, Adventure, Thriller",147 min,7.7,,,2018-11-02,,Unrated
Serbuan maut,2011,"Action, Thriller",,7.6,A S.W.A.T. team becomes trapped in a tenement run by a ruthless mobster and his army of killers and thugs.,Senegal,2004-08-09,De-engineered user-facing architecture,Unrated
The Ladykillers,1955,"Comedy, Crime",91 min,7.7,Five oddball criminals planning a bank robbery rent rooms on a cul-de-sac from an octogenarian widow under the pretext that they are classical musicians.,Honduras,2015-06-06,Fully-configurable empowering productivity,PG-13
Philomena,2013,"Biography, Comedy, Drama",98 min,7.6,"A world-weary political journalist picks up the story of a woman's search for her son, who was taken away from her decades ago after she became pregnant and was forced to live in a convent.",India,2021-03-07,,G
Bridge of Spies,2015,"Drama, History, Thriller",142 min,7.6,"During the Cold War, an American lawyer is recruited to defend an arrested Soviet spy in court, and then help the CIA facilitate an exchange of the spy for the Soviet captured American U2 spy plane pilot, Francis Gary Powers.",Turks and Caicos Islands,,Adaptive client-driven superstructure,PG
The Departed,2006,"Crime, Drama, Thriller",151 min,8.5,An undercover cop and a mole in the police attempt to identify each other while infiltrating an Irish gang in South Boston.,Croatia,2016-09-05,,PG
Rocky,1976,"Drama, Sport",120 min,8.1,A small-time boxer gets a supremely rare chance to fight a heavy-weight champion in a bout in which he strives to go the distance for his self-respect.,Macao,2024-07-14,Profit-focused optimizing extranet,PG
Wind River,2017,"Crime, Drama, Mystery",107 min,7.7,A veteran hunter helps an FBI agent investigate the murder of a young woman on a Wyoming Native American reservation.,Montenegro,2014-02-08,,R
The Fall,2006,"Adventure, Drama, Fantasy",117 min,7.9,"In a hospital on the outskirts of 1920s Los Angeles, an injured stuntman begins to tell a fellow patient, a little girl with a broken arm, a fantastic story of five mythical heroes. Thanks to his fractured state of mind and her vivid imagination, the line between fiction and reality blurs as the tale advances.",French Southern Territories,1999-09-09,Assimilated neutral emulation,Unrated
Baby,2015,"Action, Crime, Thriller",159 min,8.0,"An elite counter-intelligence unit learns of a plot, masterminded by a maniacal madman. With the clock ticking, it's up to them to track the terrorists' international tentacles and prevent them from striking at the heart of India.",Guatemala,,,PG
Harry Potter and the Prisoner of Azkaban,2004,"Adventure, Family, Fantasy",142 min,7.9,,Afghanistan,2017-11-10,,NC-17
Finding Neverland,2004,"Biography, Drama, Family",106 min,7.6,The story of Sir J.M. Barrie's friendship with a family who inspired him to create Peter Pan.,Cook Islands,2016-08-29,Self-enabling multimedia emulation,PG-13
City Lights,1931,"Comedy, Drama, Romance",87 min,8.5,"With the aid of a wealthy erratic tippler, a dewy-eyed tramp who has fallen in love with a sightless flower girl accumulates money to be able to help her medically.",United Arab Emirates,2007-02-28,,PG-13
Million Dollar Baby,2004,"Drama, Sport",132 min,8.1,A determined woman works with a hardened boxing trainer to become a professional.,Panama,2005-05-17,Innovative 5thgeneration contingency,NC-17
Mission: Impossible - Fallout,2018,"Action, Adventure, Thriller",147 min,7.7,"Ethan Hunt and his IMF team, along with some familiar allies, race against time after a mission gone wrong.",Afghanistan,2019-09-10,,PG-13
Guardians of the Galaxy,2014,"Action, Adventure, Comedy",121 min,8.0,A group of intergalactic criminals must pull together to stop a fanatical warrior with plans to purge the universe.,Kyrgyz Republic,2009-01-11,,NC-17
Full Metal Jacket,1987,"Drama, War",116 min,8.3,A pragmatic U.S. Marine observes the dehumanizing effects the Vietnam War has on his fellow recruits from their brutal boot camp training to the bloody street fighting in Hue.,Slovakia (Slovak Republic),2017-04-14,,NC-17
Gangs of Wasseypur,2012,"Action, Comedy, Crime",321 min,8.2,"A clash between Sultan and Shahid Khan leads to the expulsion of Khan from Wasseypur, and ignites a deadly blood feud spanning three generations.",Tonga,2011-03-31,,PG
American Psycho,2000,"Comedy, Crime, Drama",101 min,7.6,"A wealthy New York City investment banking executive, Patrick Bateman, hides his alternate psychopathic ego from his co-workers and friends as he delves deeper into his violent, hedonistic fantasies.",New Zealand,2016-01-13,,NC-17
The Right Stuff,1983,"Adventure, Biography, Drama",193 min,7.8,"The story of the original Mercury 7 astronauts and their macho, seat-of-the-pants approach to the space program.",Syrian Arab Republic,1997-06-03,,R
True Grit,2010,"Drama, Western",110 min,7.6,A stubborn teenager enlists the help of a tough U.S. Marshal to track down her father's murderer.,Central African Republic,2015-01-28,Managed discrete forecast,Unrated
A Bronx Tale,1993,"Crime, Drama, Romance",121 min,7.8,A father becomes worried when a local gangster befriends his son in the Bronx in the 1960s.,Sierra Leone,2001-03-23,Progressive multi-tasking capability,NC-17
The Right Stuff,1983,"Adventure, Biography, Drama",193 min,7.8,"The story of the original Mercury 7 astronauts and their macho, seat-of-the-pants approach to the space program.",Montserrat,2011-03-20,,PG
Salinui chueok,2003,"Crime, Drama, Mystery",131 min,,"In a small Korean province in 1986, two detectives struggle with the case of multiple young women being found raped and murdered by an unknown culprit.",Myanmar,2009-01-27,,PG-13
The Warriors,1979,"Action, Crime, Thriller",92 min,7.6,"In the near future, a charismatic leader summons the street gangs of New York City in a bid to take it over. When he is killed, The Warriors are falsely blamed and now must fight their way home while every other gang is hunting them down.",,2020-09-03,,G
Atonement,2007,"Drama, Mystery, Romance",123 min,7.8,Thirteen-year-old fledgling writer Briony Tallis irrevocably changes the course of several lives when she accuses her older sister's lover of a crime he did not commit.,Sri Lanka,2013-04-22,,PG-13
Harry Potter and the Prisoner of Azkaban,2004,"Adventure, Family, Fantasy",,7.9,"Harry Potter, Ron and Hermione return to Hogwarts School of Witchcraft and Wizardry for their third year of study, where they delve into the mystery surrounding an escaped prisoner who poses a dangerous threat to the young wizard.",Hong Kong,2020-09-14,,G
Forushande,2016,Drama,124 min,7.8,"While both participating in a production of ""Death of a Salesman,"" a teacher's wife is assaulted in her new home, which leaves him determined to find the perpetrator over his wife's traumatized objections.",Faroe Islands,2007-07-21,,PG
Kahaani,2012,"Mystery, Thriller",,8.1,"A pregnant woman's search for her missing husband takes her from London to Kolkata, but everyone she questions denies having ever met him.",Latvia,2002-04-01,,R
Birdman or (The Unexpected Virtue of Ignorance),2014,"Comedy, Drama",119 min,7.7,"A washed-up superhero actor attempts to revive his fading career by writing, directing, and starring in a Broadway production.",Netherlands,2009-04-30,,Unrated
The Night of the Hunter,1955,"Crime, Drama, Film-Noir",92 min,8.0,"A religious fanatic marries a gullible widow whose young children are reluctant to tell him where their real daddy hid the $10,000 he'd stolen in a robbery.",Japan,2015-11-04,,PG
Empire of the Sun,1987,"Action, Drama, History",153 min,7.7,A young English boy struggles to survive under Japanese occupation during World War II.,Rwanda,2001-08-24,,PG
Schindler's List,1993,"Biography, Drama, History",195 min,,"In German-occupied Poland during World War II, industrialist Oskar Schindler gradually becomes concerned for his Jewish workforce after witnessing their persecution by the Nazis.",Ethiopia,2004-08-26,Diverse fault-tolerant workforce,G
Kis Uykusu,2014,Drama,196 min,8.1,A hotel owner and landlord in a remote Turkish village deals with conflicts within his family and a tenant behind on his rent.,Guinea-Bissau,2004-05-22,,PG
What Ever Happened to Baby Jane?,1962,"Drama, Horror, Thriller",134 min,8.1,A former child star torments her paraplegic sister in their decaying Hollywood mansion.,Peru,2019-02-23,,G
The Machinist,2004,"Drama, Thriller",101 min,7.7,An industrial worker who hasn't slept in a year begins to doubt his own sanity.,Macao,1996-10-02,Profit-focused dedicated workforce,PG
Midnight Express,1978,"Biography, Crime, Drama",121 min,7.6,"Billy Hayes, an American college student, is caught smuggling drugs out of Turkey and thrown into prison.",Brunei Darussalam,2020-03-20,Seamless web-enabled adapter,NC-17
Key Largo,1948,"Action, Crime, Drama",100 min,7.8,"A man visits his war buddy's family hotel and finds a gangster running things. As a hurricane approaches, the two end up confronting each other.",Equatorial Guinea,1995-09-15,Configurable asymmetric core,NC-17
Dogville,2003,"Crime, Drama",178 min,8.0,"A woman on the run from the mob is reluctantly accepted in a small Colorado community in exchange for labor, but when a search visits the town she finds out that their support has a price.",France,2021-03-22,,R
The Lord of the Rings: The Return of the King,2003,"Action, Adventure, Drama",,8.9,Gandalf and Aragorn lead the World of Men against Sauron's army to draw his gaze from Frodo and Sam as they approach Mount Doom with the One Ring.,Taiwan,2001-01-27,,R
Persepolis,2007,"Animation, Biography, Drama",96 min,8.0,A precocious and outspoken Iranian girl grows up during the Islamic Revolution.,Peru,1999-11-13,,PG
The Intouchables,2011,"Biography, Comedy, Drama",,8.5,"After he becomes a quadriplegic from a paragliding accident, an aristocrat hires a young man from the projects to be his caregiver.",Palau,1995-10-08,Persevering real-time data-warehouse,PG-13
American Gangster,2007,"Biography, Crime, Drama",,7.8,"An outcast New York City cop is charged with bringing down Harlem drug lord Frank Lucas, whose real life inspired this partly biographical film.",Poland,1999-03-06,,Unrated
Udaan,2010,Drama,134 min,8.2,"Expelled from his school, a 16-year old boy returns home to his abusive and oppressive father.",Vietnam,2023-07-29,,G
Sling Blade,1996,Drama,135 min,8.0,"Karl Childers, a simple man hospitalized since his childhood murder of his mother and her lover, is released to start a new life in a small town.",Cambodia,2002-07-03,,PG-13
Inception,2010,"Action, Adventure, Sci-Fi",148 min,8.8,,Angola,2016-09-20,Progressive executive interface,PG-13
Chak De! India,2007,"Drama, Family, Sport",153 min,8.2,Kabir Khan is the coach of the Indian Women's National Hockey Team and his dream is to make his all girls team emerge victorious against all odds.,Bouvet Island (Bouvetoya),2012-11-16,,PG-13
Sing Street,2016,"Comedy, Drama, Music",106 min,7.9,A boy growing up in Dublin during the 1980s escapes his strained family life by starting a band to impress the mysterious girl he likes.,Ukraine,2006-06-15,Upgradable client-driven budgetary management,PG-13
12 Angry Men,1957,"Crime, Drama",96 min,9.0,A jury holdout attempts to prevent a miscarriage of justice by forcing his colleagues to reconsider the evidence.,Mayotte,2014-12-31,,NC-17
Green Book,2018,"Biography, Comedy, Drama",130 min,8.2,A working-class Italian-American bouncer becomes the driver of an African-American classical pianist on a tour of venues through the 1960s American South.,Barbados,2006-07-17,,PG
The Fifth Element,1997,"Action, Adventure, Sci-Fi",126 min,7.7,"In the colorful future, a cab driver unwittingly becomes the central figure in the search for a legendary cosmic weapon to keep Evil and Mr. Zorg at bay.",Grenada,2014-12-20,Sharable content-based contingency,NC-17
Glory,1989,,122 min,7.8,"Robert Gould Shaw leads the U.S. Civil War's first all-black volunteer company, fighting prejudices from both his own Union Army, and the Confederates.",Mozambique,1997-02-08,,NC-17
Mou gaan dou,2002,"Action, Crime, Drama",101 min,,"A story between a mole in the police department and an undercover cop. Their objectives are the same: to find out who is the mole, and who is the cop.",Lesotho,2024-01-16,,PG
Straight Outta Compton,2015,"Biography, Drama, History",147 min,7.8,"The rap group NWA emerges from the mean streets of Compton in Los Angeles, California, in the mid-1980s and revolutionizes Hip Hop culture with their music and tales about life in the hood.",Rwanda,2020-04-12,,G
50/50,2011,"Comedy, Drama, Romance",100 min,7.6,"Inspired by a true story, a comedy centered on a 27-year-old guy who learns of his cancer diagnosis and his subsequent struggle to beat the disease.",India,1999-09-20,,Unrated
A Streetcar Named Desire,1951,Drama,122 min,8.0,Disturbed Blanche DuBois moves in with her sister in New Orleans and is tormented by her brutish brother-in-law while her reality crumbles around her.,Guam,2014-07-31,,Unrated
Klaus,2019,"Animation, Adventure, Comedy",96 min,8.2,"A simple act of kindness always sparks another, even in a frozen, faraway place. When Smeerensburg's new postman, Jesper, befriends toymaker Klaus, their gifts melt an age-old feud and deliver a sleigh full of holiday traditions.",Philippines,1995-08-17,Decentralized interactive utilization,R
The Secret of Kells,2009,"Animation, Adventure, Family",71 min,7.6,"A young boy in a remote medieval outpost under siege from barbarian raids is beckoned to adventure when a celebrated master illuminator arrives with an ancient book, brimming with secret wisdom and powers.",Japan,2003-11-02,,R
What Ever Happened to Baby Jane?,1962,"Drama, Horror, Thriller",134 min,8.1,A former child star torments her paraplegic sister in their decaying Hollywood mansion.,Nigeria,1996-02-27,,PG-13
Hunt for the Wilderpeople,2016,"Adventure, Comedy, Drama",101 min,7.9,A national manhunt is ordered for a rebellious kid and his foster uncle who go missing in the wild New Zealand bush.,Fiji,2009-01-09,,PG
Slumdog Millionaire,2008,"Drama, Romance",120 min,8.0,,Albania,2001-09-26,,Unrated
Carlito's Way,1993,"Crime, Drama, Thriller",144 min,7.9,"A Puerto Rican former convict, just released from prison, pledges to stay away from drugs and violence despite the pressure around him and lead on to a better life outside of N.Y.C.",Lithuania,2016-01-16,,PG-13
Being John Malkovich,1999,"Comedy, Drama, Fantasy",113 min,7.7,A puppeteer discovers a portal that leads literally into the head of movie star John Malkovich.,Bouvet Island (Bouvetoya),2001-12-01,,PG
Mary Poppins,1964,"Comedy, Family, Fantasy",139 min,7.8,"In turn of the century London, a magical nanny employs music and adventure to help two neglected children become closer to their father.",South Africa,2015-02-12,,PG
La montaña sagrada,1973,"Adventure, Drama, Fantasy",114 min,7.9,"In a corrupt, greed-fueled world, a powerful alchemist leads a messianic character and seven materialistic figures to the Holy Mountain, where they hope to achieve enlightenment.",Oman,2019-03-01,,NC-17
G.O.R.A.,2004,"Adventure, Comedy, Sci-Fi",127 min,8.0,,Mexico,2010-08-26,,G
Once Upon a Time in the West,1968,Western,165 min,8.5,A mysterious stranger with a harmonica joins forces with a notorious desperado to protect a beautiful widow from a ruthless assassin working for the railroad.,Iran,2020-07-20,,R
Kimi no na wa.,2016,"Animation, Drama, Fantasy",106 min,8.4,"Two strangers find themselves linked in a bizarre way. When a connection forms, will distance be the only thing to keep them apart?",United States of America,2013-04-17,Universal eco-centric encoding,PG
Miller's Crossing,1990,"Crime, Drama, Thriller",115 min,7.7,"Tom Reagan, an advisor to a Prohibition-era crime boss, tries to keep the peace between warring mobs but gets caught in divided loyalties.",France,1996-02-12,,PG-13
Ang-ma-reul bo-at-da,2010,"Action, Crime, Drama",144 min,7.8,A secret agent exacts revenge on a serial killer through a series of captures and releases.,South Georgia and the South Sandwich Islands,2012-08-22,Up-sized motivating open system,PG-13
Airlift,2016,"Drama, History",130 min,8.0,"When Iraq invades Kuwait in August 1990, a callous Indian businessman becomes the spokesperson for more than 170,000 stranded countrymen.",Australia,2018-06-08,,Unrated
Sabrina,1954,"Comedy, Drama, Romance",113 min,7.7,"A playboy becomes interested in the daughter of his family's chauffeur, but it's his more serious brother who would be the better man for her.",French Polynesia,2022-04-23,,G
Lola rennt,1998,"Crime, Drama, Thriller",81 min,7.6,"After a botched money delivery, Lola has 20 minutes to come up with 100,000 Deutschmarks.",Martinique,2024-03-18,,Unrated
Dallas Buyers Club,2013,,117 min,8.0,"In 1985 Dallas, electrician and hustler Ron Woodroof works around the system to help AIDS patients get the medication they need after he is diagnosed with the disease.",Guernsey,1996-02-11,Devolved modular paradigm,R
A Little Princess,1995,"Drama, Family, Fantasy",97 min,7.7,,,2014-08-26,,PG-13
K.G.F: Chapter 1,2018,"Action, Drama",156 min,8.2,,Jamaica,2014-09-17,Fully-configurable cohesive customer loyalty,PG
The Great Escape,1963,"Adventure, Drama, History",172 min,8.2,Allied prisoners of war plan for several hundred of their number to escape from a German camp during World War II.,Cayman Islands,2007-11-05,Automated mobile neural-net,Unrated
La Vie En Rose,2007,"Biography, Drama, Music",140 min,7.6,"Biopic of the iconic French singer Édith Piaf. Raised by her grandmother in a brothel, she was discovered while singing on a street corner at the age of 19. Despite her success, Piaf's life was filled with tragedy.",Ireland,2017-06-27,,G
Monty Python and the Holy Grail,1975,"Adventure, Comedy, Fantasy",91 min,8.2,"King Arthur and his Knights of the Round Table embark on a surreal, low-budget search for the Holy Grail, encountering many, very silly obstacles.",Montserrat,2013-03-26,,R
Sherlock Jr.,1924,"Action, Comedy, Romance",45 min,8.2,"A film projectionist longs to be a detective, and puts his meagre skills to work when he is framed by a rival for stealing his girlfriend's father's pocketwatch.",Brunei Darussalam,2013-12-07,,Unrated
Bajrangi Bhaijaan,2015,"Action, Adventure, Comedy",163 min,,An Indian man with a magnanimous heart takes a young mute Pakistani girl back to her homeland to reunite her with her family.,Cuba,2017-09-12,Distributed even-keeled collaboration,
Full Metal Jacket,1987,"Drama, War",116 min,8.3,A pragmatic U.S. Marine observes the dehumanizing effects the Vietnam War has on his fellow recruits from their brutal boot camp training to the bloody street fighting in Hue.,Germany,2002-02-19,Face-to-face encompassing Internet solution,PG
The Princess Bride,1987,"Adventure, Family, Fantasy",98 min,,"While home sick in bed, a young boy's grandfather reads him the story of a farmboy-turned-pirate who encounters numerous obstacles, enemies and allies in his quest to be reunited with his true love.",Netherlands,1999-10-29,,Unrated
K.G.F: Chapter 1,2018,"Action, Drama",156 min,,"In the 1970s, a fierce rebel rises against brutal oppression and becomes the symbol of hope to legions of downtrodden people.",Pitcairn Islands,1995-07-18,Object-based uniform open system,R
Pink,2016,"Drama, Thriller",136 min,8.1,"When three young women are implicated in a crime, a retired lawyer steps forward to help them clear their names.",Turks and Caicos Islands,2001-11-12,,PG
It Happened One Night,1934,"Comedy, Romance",105 min,8.1,"A renegade reporter and a crazy young heiress meet on a bus heading for New York, and end up stuck with each other when the bus leaves them behind at one of the stops.",Timor-Leste,2001-08-24,,G
Frankenstein,1931,"Drama, Horror, Sci-Fi",70 min,7.8,,Zambia,2014-05-28,,NC-17
Who Framed Roger Rabbit,1988,"Animation, Adventure, Comedy",104 min,,A toon-hating detective is a cartoon rabbit's only hope to prove his innocence when he is accused of murder.,Venezuela,2016-01-08,,NC-17
From Here to Eternity,1953,"Drama, Romance, War",118 min,7.6,"In Hawaii in 1941, a private is cruelly punished for not boxing on his unit's team, while his captain's wife and second-in-command are falling in love.",Syrian Arab Republic,2024-11-26,,PG-13
The Innocents,1961,Horror,100 min,7.8,A young governess for two children becomes convinced that the house and grounds are haunted.,Gambia,2000-04-17,,
Me and Earl and the Dying Girl,2015,"Comedy, Drama",105 min,7.7,"High schooler Greg, who spends most of his time making parodies of classic movies with his co-worker Earl, finds his outlook forever altered after befriending a classmate who has just been diagnosed with cancer.",Niue,2021-10-21,,NC-17
Aladdin,1992,"Animation, Adventure, Comedy",,8.0,A kindhearted street urchin and a power-hungry Grand Vizier vie for a magic lamp that has the power to make their deepest wishes come true.,Guadeloupe,2000-02-06,,PG-13
Dilwale Dulhania Le Jayenge,1995,"Drama, Romance",189 min,8.1,"When Raj meets Simran in Europe, it isn't love at first sight but when Simran moves to India for an arranged marriage, love makes its presence felt.",United Kingdom,1995-04-21,,R
Shaun of the Dead,2004,"Comedy, Horror",99 min,7.9,A man's uneventful life is disrupted by the zombie apocalypse.,Costa Rica,2020-11-11,,PG
La Vie En Rose,2007,"Biography, Drama, Music",140 min,7.6,"Biopic of the iconic French singer Édith Piaf. Raised by her grandmother in a brothel, she was discovered while singing on a street corner at the age of 19. Despite her success, Piaf's life was filled with tragedy.",Mauritius,2011-04-17,,PG-13
Bridge of Spies,2015,"Drama, History, Thriller",142 min,7.6,"During the Cold War, an American lawyer is recruited to defend an arrested Soviet spy in court, and then help the CIA facilitate an exchange of the spy for the Soviet captured American U2 spy plane pilot, Francis Gary Powers.",Gibraltar,2007-11-08,,G
Call Me by Your Name,2017,"Drama, Romance",132 min,7.9,"In 1980s Italy, romance blossoms between a seventeen-year-old student and the older man hired as his father's research assistant.",Belize,1996-02-08,Synchronized radical artificial intelligence,Unrated
Glory,1989,"Biography, Drama, History",122 min,7.8,"Robert Gould Shaw leads the U.S. Civil War's first all-black volunteer company, fighting prejudices from both his own Union Army, and the Confederates.",China,2011-06-08,,Unrated
Tenkû no shiro Rapyuta,1986,"Animation, Adventure, Drama",125 min,8.0,A young boy and a girl with a magic crystal must race against pirates and foreign agents in a search for a legendary floating castle.,Sweden,2015-04-11,Polarized fault-tolerant product,NC-17
Witness for the Prosecution,1957,"Crime, Drama, Mystery",116 min,8.4,A veteran British barrister must defend his client in a murder trial that has surprise after surprise.,Japan,1995-04-15,,PG
Boyz n the Hood,1991,"Crime, Drama",112 min,7.8,"Follows the lives of three young males living in the Crenshaw ghetto of Los Angeles, dissecting questions of race, relationships, violence, and future prospects.",Belgium,2000-01-05,,R
Peeping Tom,1960,"Drama, Horror, Thriller",101 min,7.7,"A young man murders women, using a movie camera to film their dying expressions of terror.",Switzerland,,,PG-13
Hiroshima mon amour,1959,"Drama, Romance",90 min,7.9,,Italy,2005-03-19,,Unrated
After Hours,1985,,97 min,7.7,An ordinary word processor has the worst night of his life after he agrees to visit a girl in Soho who he met that evening at a coffee shop.,Libyan Arab Jamahiriya,2013-12-02,,PG-13
Flipped,2010,"Comedy, Drama, Romance",90 min,7.7,Two eighth-graders start to have feelings for each other despite being total opposites.,Jordan,2009-11-19,Upgradable 6thgeneration ability,PG-13
Tumbbad,2018,"Drama, Fantasy, Horror",104 min,8.3,A mythological story about a goddess who created the entire universe. The plot revolves around the consequences when humans build a temple for her first-born.,Sao Tome and Principe,2019-10-26,,NC-17
Lucky Number Slevin,2006,"Action, Crime, Drama",110 min,7.7,"A case of mistaken identity lands Slevin into the middle of a war being plotted by two of the city's most rival crime bosses. Under constant surveillance by Detective Brikowski and assassin Goodkat, he must get them before they get him.",Libyan Arab Jamahiriya,2012-03-19,,PG-13
La vita è bella,1997,"Comedy, Drama, Romance",116 min,8.6,"When an open-minded Jewish librarian and his son become victims of the Holocaust, he uses a perfect mixture of will, humor, and imagination to protect his son from the dangers around their camp.",Sudan,2016-11-08,,Unrated
Little Women,2019,"Drama, Romance",135 min,7.8,"Jo March reflects back and forth on her life, telling the beloved story of the March sisters - four young women, each determined to live life on her own terms.",American Samoa,2008-01-25,,PG
Koe no katachi,2016,"Animation, Drama, Family",130 min,8.1,"A young man is ostracized by his classmates after he bullies a deaf girl to the point where she moves away. Years later, he sets off on a path for redemption.",Kenya,2020-06-02,Enhanced incremental contingency,PG
Boyz n the Hood,1991,"Crime, Drama",112 min,7.8,,Uganda,2019-10-08,,R
On Golden Pond,1981,Drama,109 min,7.6,"Norman is a curmudgeon with an estranged relationship with his daughter Chelsea. At Golden Pond, he and his wife nevertheless agree to care for Billy, the son of Chelsea's new boyfriend, and a most unexpected relationship blooms.",Madagascar,2002-09-01,,PG-13
Kakushi-toride no san-akunin,1958,"Adventure, Drama",139 min,8.1,"Lured by gold, two greedy peasants unknowingly escort a princess and her general across enemy lines.",Senegal,,,PG-13
Road to Perdition,2002,"Crime, Drama, Thriller",117 min,7.7,"A mob enforcer's son witnesses a murder, forcing him and his father to take to the road, and his father down a path of redemption and revenge.",Bahrain,2007-11-08,,PG
Once Upon a Time in America,1984,"Crime, Drama",229 min,8.4,"A former Prohibition-era Jewish gangster returns to the Lower East Side of Manhattan over thirty years later, where he once again must confront the ghosts and regrets of his old life.",Philippines,2016-03-18,Synergized directional moderator,
Rebel Without a Cause,1955,Drama,111 min,7.7,"A rebellious young man with a troubled past comes to a new town, finding friends and enemies.",Samoa,2022-06-09,,PG-13
Ôkami kodomo no Ame to Yuki,2012,"Animation, Drama, Fantasy",117 min,8.1,"After her werewolf lover unexpectedly dies in an accident while hunting for food for their children, a young woman must find ways to raise the werewolf son and daughter that she had with him while keeping their trait hidden from society.",Chile,1998-03-26,,R
Letters from Iwo Jima,2006,"Action, Adventure, Drama",141 min,7.9,"The story of the battle of Iwo Jima between the United States and Imperial Japan during World War II, as told from the perspective of the Japanese who fought it.",Swaziland,2013-10-27,,Unrated
Down by Law,1986,"Comedy, Crime, Drama",107 min,7.8,"Two men are framed and sent to jail, where they meet a murderer who helps them escape and leave the state.",Somalia,2022-09-09,,PG-13
Finding Nemo,2003,"Animation, Adventure, Comedy",100 min,8.1,"After his son is captured in the Great Barrier Reef and taken to Sydney, a timid clownfish sets out on a journey to bring him home.",Svalbard & Jan Mayen Islands,2006-10-06,,R
Talvar,2015,"Crime, Drama, Mystery",132 min,8.2,An experienced investigator confronts several conflicting theories about the perpetrators of a violent double homicide.,Jamaica,2001-03-26,,R
Wo hu cang long,2000,"Action, Adventure, Fantasy",120 min,7.8,A young Chinese warrior steals a sword from a famed swordsman and then escapes into a world of romantic adventure with a mysterious man in the frontier of the nation.,Pakistan,2002-02-13,Extended empowering budgetary management,G
Deadpool 2,2018,"Action, Adventure, Comedy",119 min,7.7,"Foul-mouthed mutant mercenary Wade Wilson (a.k.a. Deadpool), brings together a team of fellow mutant rogues to protect a young boy with supernatural abilities from the brutal, time-traveling cyborg Cable.",San Marino,2019-08-22,Implemented mobile focus group,R
Lawrence of Arabia,1962,"Adventure, Biography, Drama",228 min,8.3,"The story of T.E. Lawrence, the English officer who successfully united and led the diverse, often warring, Arab tribes during World War I in order to fight the Turks.",Barbados,2010-03-12,Polarized encompassing firmware,Unrated
Joyeux Noël,2005,"Drama, History, Music",116 min,7.7,"In December 1914, an unofficial Christmas truce on the Western Front allows soldiers from opposing sides of the First World War to gain insight into each other's way of life.",Malaysia,2010-12-05,,R
A Hard Day's Night,1964,"Comedy, Music, Musical",87 min,,"Over two ""typical"" days in the life of The Beatles, the boys struggle to keep themselves and Sir Paul McCartney's mischievous grandfather in check while preparing for a live television performance.",,2001-07-11,,NC-17
Roman Holiday,1953,"Comedy, Romance",,8.0,A bored and sheltered princess escapes her guardians and falls in love with an American newsman in Rome.,Heard Island and McDonald Islands,2013-03-28,Up-sized even-keeled success,Unrated
Jules et Jim,1962,"Drama, Romance",105 min,7.8,Decades of a love triangle concerning two friends and an impulsive woman.,Cook Islands,2000-11-18,Function-based discrete hardware,PG
The Breakfast Club,1985,"Comedy, Drama",97 min,7.8,Five high school students meet in Saturday detention and discover how they have a lot more in common than they thought.,Japan,2017-03-28,,PG
Höstsonaten,1978,"Drama, Music",99 min,8.2,"A married daughter who longs for her mother's love is visited by the latter, a successful concert pianist.",Andorra,1999-01-19,,R
Love and Death,1975,"Comedy, War",85 min,7.7,"In czarist Russia, a neurotic soldier and his distant cousin formulate a plot to assassinate Napoleon.",,2013-12-16,,PG-13
Lola rennt,1998,"Crime, Drama, Thriller",81 min,7.6,"After a botched money delivery, Lola has 20 minutes to come up with 100,000 Deutschmarks.",Sierra Leone,2023-02-13,Configurable leadingedge service-desk,G
Cidade de Deus,2002,"Crime, Drama",130 min,8.6,,El Salvador,2005-12-16,Organized bandwidth-monitored contingency,PG-13
Casino Royale,2006,"Action, Adventure, Thriller",144 min,8.0,"After earning 00 status and a licence to kill, Secret Agent James Bond sets out on his first mission as 007. Bond must defeat a private banker funding terrorists in a high-stakes game of poker at Casino Royale, Montenegro.",France,2012-06-02,Expanded optimizing Graphical User Interface,NC-17
Vicky Donor,2012,"Comedy, Romance",126 min,7.8,"A man is brought in by an infertility doctor to supply him with his sperm, where he becomes the biggest sperm donor for his clinic.",Guinea,,Optimized responsive service-desk,Unrated
"Il buono, il brutto, il cattivo",1966,Western,161 min,8.8,A bounty hunting scam joins two men in an uneasy alliance against a third in a race to find a fortune in gold buried in a remote cemetery.,Guatemala,2009-04-01,,R
Festen,1998,Drama,105 min,8.0,"At Helge's 60th birthday party, some unpleasant family truths are revealed.",Germany,2017-04-29,,R
Control,2007,"Biography, Drama, Music",122 min,7.7,"A profile of Ian Curtis, the enigmatic singer of Joy Division whose personal, professional, and romantic troubles led him to commit suicide at the age of 23.",Turks and Caicos Islands,2021-05-05,Switchable dynamic intranet,Unrated
Boogie Nights,1997,Drama,155 min,7.9,"Back when sex was safe, pleasure was a business and business was booming, an idealistic porn producer aspires to elevate his craft to an art when he discovers a hot young talent.",Malawi,2021-10-16,,Unrated
Avatar,2009,"Action, Adventure, Fantasy",162 min,7.8,A paraplegic Marine dispatched to the moon Pandora on a unique mission becomes torn between following his orders and protecting the world he feels is his home.,Japan,2000-05-23,,G
Dog Day Afternoon,1975,"Biography, Crime, Drama",125 min,8.0,"Three amateur bank robbers plan to hold up a bank. A nice simple robbery: Walk in, take the money, and run. Unfortunately, the supposedly uncomplicated heist suddenly becomes a bizarre nightmare as everything that could go wrong does.",Bangladesh,2019-08-31,Fully-configurable human-resource workforce,PG-13
Funny Games,1997,"Crime, Drama, Thriller",108 min,7.6,,Myanmar,2024-11-24,Monitored systemic circuit,Unrated
The Innocents,1961,Horror,100 min,7.8,A young governess for two children becomes convinced that the house and grounds are haunted.,Honduras,2010-10-26,,PG
The Muppet Movie,1979,"Adventure, Comedy, Family",95 min,7.6,"Kermit and his newfound friends trek across America to find success in Hollywood, but a frog legs merchant is after Kermit.",Morocco,2019-11-13,Reactive 4thgeneration encoding,Unrated
Rope,1948,"Crime, Drama, Mystery",,8.0,Two men attempt to prove they committed the perfect crime by hosting a dinner party after strangling their former classmate to death.,Vanuatu,2008-10-23,Customizable national software,Unrated
Sound of Metal,2019,"Drama, Music",120 min,7.8,A heavy-metal drummer's life is thrown into freefall when he begins to lose his hearing.,Ghana,2017-11-29,,PG
Mississippi Burning,1988,"Crime, Drama, History",128 min,7.8,Two F.B.I. Agents with wildly different styles arrive in Mississippi to investigate the disappearance of some civil rights activists.,Eritrea,2025-03-04,,PG
Ghostbusters,1984,"Action, Comedy, Fantasy",105 min,7.8,Three former parapsychology professors set up shop as a unique ghost removal service.,Tonga,2004-12-06,,Unrated
Saving Private Ryan,1998,"Drama, War",169 min,8.6,"Following the Normandy Landings, a group of U.S. soldiers go behind enemy lines to retrieve a paratrooper whose brothers have been killed in action.",Switzerland,1995-10-19,,PG
There Will Be Blood,2007,Drama,158 min,8.2,"A story of family, religion, hatred, oil and madness, focusing on a turn-of-the-century prospector in the early days of the business.",Israel,1998-07-06,Ergonomic real-time extranet,PG-13
Catch Me If You Can,2002,,141 min,8.1,"Barely 21 yet, Frank is a skilled forger who has passed as a doctor, lawyer and pilot. FBI agent Carl becomes obsessed with tracking down the con man, who only revels in the pursuit.",Lebanon,1996-08-10,,PG
The Jungle Book,1967,"Animation, Adventure, Family",78 min,7.6,Bagheera the Panther and Baloo the Bear have a difficult time trying to convince a boy to leave the jungle for human civilization.,Palau,1996-04-14,,R
Red River,1948,"Action, Adventure, Drama",133 min,7.8,"Dunson leads a cattle drive, the culmination of over 14 years of work, to its destination in Missouri. But his tyrannical behavior along the way causes a mutiny, led by his adopted son.",Croatia,2021-02-15,,Unrated
"4 luni, 3 saptamâni si 2 zile",2007,Drama,113 min,7.9,A woman assists her friend in arranging an illegal abortion in 1980s Romania.,British Indian Ocean Territory (Chagos Archipelago),2007-07-04,,NC-17
Mysterious Skin,2004,Drama,105 min,7.6,"A teenage hustler and a young man obsessed with alien abductions cross paths, together discovering a horrible, liberating truth.",Holy See (Vatican City State),2016-08-23,,Unrated
Nuovo Cinema Paradiso,1988,"Drama, Romance",155 min,8.5,A filmmaker recalls his childhood when falling in love with the pictures at the cinema of his home village and forms a deep friendship with the cinema's projectionist.,Nigeria,,,R
Dip huet seung hung,1989,"Action, Crime, Drama",111 min,7.8,A disillusioned assassin accepts one last hit in hopes of using his earnings to restore vision to a singer he accidentally blinded.,France,2002-10-17,,G
Eastern Promises,2007,"Action, Crime, Drama",100 min,7.6,A teenager who dies during childbirth leaves clues in her journal that could tie her child to a rape involving a violent Russian mob family.,Dominica,2014-12-18,Quality-focused coherent conglomeration,R
Paper Moon,1973,"Comedy, Crime, Drama",102 min,8.1,"During the Great Depression, a con man finds himself saddled with a young girl who may or may not be his daughter, and the two forge an unlikely partnership.",Singapore,,,PG
Witness for the Prosecution,1957,"Crime, Drama, Mystery",,8.4,A veteran British barrister must defend his client in a murder trial that has surprise after surprise.,Jordan,1997-06-16,,Unrated
Creed,2015,"Drama, Sport",133 min,7.6,"The former World Heavyweight Champion Rocky Balboa serves as a trainer and mentor to Adonis Johnson, the son of his late friend and former rival Apollo Creed.",Slovenia,2007-09-20,,G
The Fugitive,1993,"Action, Crime, Drama",130 min,7.8,"Dr. Richard Kimble, unjustly accused of murdering his wife, must find the real killer while being the target of a nationwide manhunt led by a seasoned U.S. Marshal.",Venezuela,1995-11-17,,PG-13
Glory,1989,"Biography, Drama, History",122 min,7.8,"Robert Gould Shaw leads the U.S. Civil War's first all-black volunteer company, fighting prejudices from both his own Union Army, and the Confederates.",Holy See (Vatican City State),2022-02-07,,Unrated
Yôjinbô,1961,"Action, Drama, Thriller",110 min,8.2,A crafty ronin comes to a town divided by two criminal gangs and decides to play them against each other to free the town.,Cape Verde,2014-03-06,,G
No Man's Land,2001,"Comedy, Drama, War",98 min,7.9,"Bosnia and Herzegovina during 1993 at the time of the heaviest fighting between the two warring sides. Two soldiers from opposing sides in the conflict, Nino and Ciki, become trapped in no man's land, whilst a third soldier becomes a living booby trap.",Honduras,2003-06-03,Right-sized full-range migration,G
The Hurricane,1999,"Biography, Drama, Sport",146 min,7.6,"The story of Rubin 'Hurricane' Carter, a boxer wrongly imprisoned for murder, and the people who aided in his fight to prove his innocence.",Comoros,2005-09-24,,
Knockin' on Heaven's Door,1997,"Action, Crime, Comedy",87 min,8.0,"Two terminally ill patients escape from a hospital, steal a car and rush towards the sea.",,2020-08-11,Function-based 24/7 interface,Unrated
1917,2019,"Drama, Thriller, War",119 min,8.3,"April 6th, 1917. As a regiment assembles to wage war deep in enemy territory, two soldiers are assigned to race against time and deliver a message that will stop 1,600 men from walking straight into a deadly trap.",Zimbabwe,2004-07-27,Monitored radical project,Unrated
Nefes: Vatan Sagolsun,2009,"Action, Drama, Thriller",128 min,8.0,Story of 40-man Turkish task force who must defend a relay station.,,2013-04-29,Grass-roots methodical encoding,Unrated
Harry Potter and the Prisoner of Azkaban,2004,"Adventure, Family, Fantasy",142 min,7.9,"Harry Potter, Ron and Hermione return to Hogwarts School of Witchcraft and Wizardry for their third year of study, where they delve into the mystery surrounding an escaped prisoner who poses a dangerous threat to the young wizard.",South Georgia and the South Sandwich Islands,2001-12-05,,G
Män som hatar kvinnor,2009,"Crime, Drama, Mystery",152 min,7.8,A journalist is aided by a young female hacker in his search for the killer of a woman who has been dead for forty years.,Japan,2011-07-15,,PG-13
Enter the Dragon,1973,"Action, Crime, Drama",102 min,7.7,A secret agent comes to an opium lord's island fortress with other fighters for a martial-arts tournament.,Senegal,2021-02-14,Ameliorated composite forecast,PG
Munna Bhai M.B.B.S.,2003,"Comedy, Drama, Musical",156 min,8.1,A gangster sets out to fulfill his father's dream of becoming a doctor.,Australia,1999-05-24,,NC-17
L'avventura,1960,"Drama, Mystery",144 min,7.9,"A woman disappears during a Mediterranean boating trip. During the search, her lover and her best friend become attracted to each other.",Sao Tome and Principe,2020-08-02,Versatile radical open system,G
Todo sobre mi madre,1999,Drama,101 min,7.8,"Young Esteban wants to become a writer and also to discover the identity of his second mother, a trans woman, carefully concealed by his mother Manuela.",Hungary,2023-09-29,Organic client-server capability,NC-17
A Streetcar Named Desire,1951,Drama,122 min,8.0,Disturbed Blanche DuBois moves in with her sister in New Orleans and is tormented by her brutish brother-in-law while her reality crumbles around her.,Bahrain,2021-02-21,Mandatory asymmetric installation,R
Nelyubov,2017,Drama,127 min,7.6,A couple going through a divorce must team up to find their son who has disappeared during one of their bitter arguments.,,1997-12-28,Horizontal dynamic task-force,R
Guess Who's Coming to Dinner,1967,"Comedy, Drama",108 min,7.8,A couple's attitudes are challenged when their daughter introduces them to her African-American fiancé.,Spain,2017-06-30,,G
Reservoir Dogs,1992,"Crime, Drama, Thriller",99 min,8.3,"When a simple jewelry heist goes horribly wrong, the surviving criminals begin to suspect that one of them is a police informant.",Rwanda,1996-05-22,,PG-13
The Lion in Winter,1968,"Biography, Drama, History",134 min,7.9,"1183 A.D.: King Henry II's three sons all want to inherit the throne, but he won't commit to a choice. They and his wife variously plot to force him.",Western Sahara,2018-12-13,,NC-17
Pan's Labyrinth,2006,"Drama, Fantasy, War",118 min,8.2,"In the Falangist Spain of 1944, the bookish young stepdaughter of a sadistic army officer escapes into an eerie but captivating fantasy world.",Brazil,2014-09-24,,PG
Goldfinger,1964,"Action, Adventure, Thriller",110 min,7.7,"While investigating a gold magnate's smuggling, James Bond uncovers a plot to contaminate the Fort Knox gold reserve.",Jamaica,2020-10-14,Networked well-modulated service-desk,PG-13
A Christmas Story,1983,"Comedy, Family",93 min,,"In the 1940s, a young boy named Ralphie attempts to convince his parents, his teacher and Santa that a Red Ryder BB gun really is the perfect Christmas gift.",Equatorial Guinea,2013-11-19,,NC-17
Chinatown,1974,"Drama, Mystery, Thriller",130 min,8.1,"A private detective hired to expose an adulterer finds himself caught up in a web of deceit, corruption, and murder.",United States Minor Outlying Islands,2013-05-25,,NC-17
Some Like It Hot,1959,"Comedy, Music, Romance",121 min,8.2,"After two male musicians witness a mob hit, they flee the state in an all-female band disguised as women, but further complications set in.",Colombia,1996-05-14,,PG-13
Manbiki kazoku,2018,"Crime, Drama",121 min,7.9,,Sri Lanka,2009-06-29,Distributed context-sensitive collaboration,NC-17
Chak De! India,2007,,,8.2,Kabir Khan is the coach of the Indian Women's National Hockey Team and his dream is to make his all girls team emerge victorious against all odds.,Heard Island and McDonald Islands,2023-09-07,,R
Dancer in the Dark,2000,"Crime, Drama, Musical",140 min,8.0,"An East European girl travels to the United States with her young son, expecting it to be like a Hollywood film.",Bosnia and Herzegovina,1998-01-24,,R
Nosferatu,1922,"Fantasy, Horror",94 min,7.9,Vampire Count Orlok expresses interest in a new residence and real estate agent Hutter's wife.,Kenya,2009-11-04,Organic radical extranet,PG-13
Toy Story 2,1999,"Animation, Adventure, Comedy",92 min,7.9,"When Woody is stolen by a toy collector, Buzz and his friends set out on a rescue mission to save Woody before he becomes a museum toy property with his roundup gang Jessie, Prospector, and Bullseye.",Portugal,2008-06-20,,G
"O Brother, Where Art Thou?",2000,"Adventure, Comedy, Crime",,7.7,,Mali,2008-09-25,Team-oriented didactic matrix,G
Match Point,2005,"Drama, Romance, Thriller",124 min,7.6,"At a turning point in his life, a former tennis pro falls for an actress who happens to be dating his friend and soon-to-be brother-in-law.",Saudi Arabia,2015-11-17,Multi-layered discrete interface,PG
The Exorcist,1973,Horror,122 min,8.0,"When a 12-year-old girl is possessed by a mysterious entity, her mother seeks the help of two priests to save her.",Falkland Islands (Malvinas),2004-08-12,,NC-17
Gattaca,1997,"Drama, Sci-Fi, Thriller",106 min,7.8,A genetically inferior man assumes the identity of a superior one in order to pursue his lifelong dream of space travel.,Gambia,2017-03-23,,NC-17
Knockin' on Heaven's Door,1997,"Action, Crime, Comedy",87 min,8.0,"Two terminally ill patients escape from a hospital, steal a car and rush towards the sea.",Denmark,2024-04-07,,G
Birdman or (The Unexpected Virtue of Ignorance),2014,,,7.7,"A washed-up superhero actor attempts to revive his fading career by writing, directing, and starring in a Broadway production.",Portugal,2015-01-07,,PG
Majo no takkyûbin,1989,"Animation, Adventure, Drama",103 min,7.8,"A young witch, on her mandatory year of independent life, finds fitting into a new community difficult while she supports herself by running an air courier service.",Nepal,2002-09-28,,PG-13
Bringing Up Baby,1938,"Comedy, Family, Romance",102 min,,"While trying to secure a $1 million donation for his museum, a befuddled paleontologist is pursued by a flighty and often irritating heiress and her pet leopard, Baby.",Nigeria,2012-11-03,,PG-13
What We Do in the Shadows,2014,"Comedy, Horror",86 min,,"Viago, Deacon and Vladislav are vampires who are finding that modern life has them struggling with the mundane - like paying rent, keeping up with the chore wheel, trying to get into nightclubs and overcoming flatmate conflicts.",Albania,2009-04-29,,Unrated
All Quiet on the Western Front,1930,,152 min,8.0,"A German youth eagerly enters World War I, but his enthusiasm wanes as he gets a firsthand view of the horror.",Bouvet Island (Bouvetoya),1997-11-15,,NC-17
Despicable Me,2010,"Animation, Comedy, Crime",95 min,7.6,"When a criminal mastermind uses a trio of orphan girls as pawns for a grand scheme, he finds their love is profoundly changing him for the better.",Cuba,2022-04-12,,PG
Aladdin,1992,"Animation, Adventure, Comedy",90 min,8.0,A kindhearted street urchin and a power-hungry Grand Vizier vie for a magic lamp that has the power to make their deepest wishes come true.,,1997-11-17,,G
The Shawshank Redemption,1994,Drama,142 min,9.3,"Two imprisoned men bond over a number of years, finding solace and eventual redemption through acts of common decency.",Taiwan,2024-04-04,Reduced modular complexity,R
Baby Driver,2017,"Action, Crime, Drama",113 min,,"After being coerced into working for a crime boss, a young getaway driver finds himself taking part in a heist doomed to fail.",Armenia,1996-02-19,,G
The Fighter,2010,"Biography, Drama, Sport",116 min,7.8,"Based on the story of Micky Ward, a fledgling boxer who tries to escape the shadow of his more famous but troubled older boxing brother and get his own shot at greatness.",Denmark,2015-06-08,Front-line eco-centric strategy,Unrated
The Truman Show,1998,"Comedy, Drama",103 min,8.1,An insurance salesman discovers his whole life is actually a reality TV show.,Gabon,2004-08-03,,PG-13
The Breakfast Club,1985,"Comedy, Drama",97 min,7.8,Five high school students meet in Saturday detention and discover how they have a lot more in common than they thought.,Turkmenistan,2024-05-03,,PG
My Name Is Khan,2010,Drama,165 min,8.0,An Indian Muslim man with Asperger's syndrome takes a challenge to speak to the President of the United States seriously and embarks on a cross-country journey.,Jordan,2007-12-12,,PG
The Shop Around the Corner,1940,"Comedy, Drama, Romance",99 min,8.1,,Luxembourg,2019-03-27,Self-enabling full-range productivity,PG
Giant,1956,"Drama, Western",201 min,7.6,Sprawling epic covering the life of a Texas cattle rancher and his family and associates.,Estonia,2021-01-14,,PG-13
Mou gaan dou,2002,"Action, Crime, Drama",101 min,8.0,"A story between a mole in the police department and an undercover cop. Their objectives are the same: to find out who is the mole, and who is the cop.",Guyana,2008-11-09,,NC-17
The Station Agent,2003,"Comedy, Drama",89 min,7.6,"When his only friend dies, a man born with dwarfism moves to rural New Jersey to live a life of solitude, only to meet a chatty hot dog vendor and a woman dealing with her own personal loss.",Bhutan,2016-05-08,,NC-17
Relatos salvajes,2014,"Comedy, Drama, Thriller",122 min,8.1,Six short stories that explore the extremities of human behavior involving people in distress.,Chile,1995-11-19,,R
Straight Outta Compton,2015,"Biography, Drama, History",147 min,7.8,"The rap group NWA emerges from the mean streets of Compton in Los Angeles, California, in the mid-1980s and revolutionizes Hip Hop culture with their music and tales about life in the hood.",Christmas Island,2008-07-24,Decentralized fault-tolerant circuit,R
Thor: Ragnarok,2017,"Action, Adventure, Comedy",130 min,7.9,"Imprisoned on the planet Sakaar, Thor must race against time to return to Asgard and stop Ragnarök, the destruction of his world, at the hands of the powerful and ruthless villain Hela.",,2023-08-21,Vision-oriented actuating challenge,NC-17
Jaws,1975,"Adventure, Thriller",124 min,8.0,"When a killer shark unleashes chaos on a beach community, it's up to a local sheriff, a marine biologist, and an old seafarer to hunt the beast down.",Romania,2024-03-07,,G
A Clockwork Orange,1971,"Crime, Drama, Sci-Fi",,8.3,"In the future, a sadistic gang leader is imprisoned and volunteers for a conduct-aversion experiment, but it doesn't go as planned.",Brunei Darussalam,2006-06-09,,PG
One Flew Over the Cuckoo's Nest,1975,Drama,133 min,8.7,"A criminal pleads insanity and is admitted to a mental institution, where he rebels against the oppressive nurse and rallies up the scared patients.",Djibouti,2010-02-24,,
Dil Bechara,2020,"Comedy, Drama, Romance",101 min,7.9,"The emotional journey of two hopelessly in love youngsters, a young girl, Kizie, suffering from cancer, and a boy, Manny, whom she meets at a support group.",Papua New Guinea,,,PG-13
Mary Poppins,1964,"Comedy, Family, Fantasy",139 min,7.8,"In turn of the century London, a magical nanny employs music and adventure to help two neglected children become closer to their father.",Romania,2025-03-10,,PG-13
Sholay,1975,"Action, Adventure, Comedy",204 min,8.2,"After his family is murdered by a notorious and ruthless bandit, a former police officer enlists the services of two outlaws to capture the bandit.",Qatar,1998-09-02,,PG
Mulan,1998,"Animation, Adventure, Family",88 min,7.6,"To save her father from death in the army, a young maiden secretly goes in his place and becomes one of China's greatest heroines in the process.",Russian Federation,2013-10-04,Enhanced attitude-oriented project,Unrated
Apocalypto,2006,"Action, Adventure, Drama",139 min,7.8,"As the Mayan kingdom faces its decline, a young man is taken on a perilous journey to a world ruled by fear and oppression.",Grenada,2014-12-05,,G
Glory,1989,"Biography, Drama, History",122 min,7.8,"Robert Gould Shaw leads the U.S. Civil War's first all-black volunteer company, fighting prejudices from both his own Union Army, and the Confederates.",United Arab Emirates,2023-09-18,Ameliorated transitional frame,R
Boogie Nights,1997,,155 min,7.9,"Back when sex was safe, pleasure was a business and business was booming, an idealistic porn producer aspires to elevate his craft to an art when he discovers a hot young talent.",Tokelau,1996-01-06,,PG-13
Star Wars: Episode V - The Empire Strikes Back,1980,"Action, Adventure, Fantasy",124 min,8.7,"After the Rebels are brutally overpowered by the Empire on the ice planet Hoth, Luke Skywalker begins Jedi training with Yoda, while his friends are pursued by Darth Vader and a bounty hunter named Boba Fett all over the galaxy.",Algeria,2024-09-14,,
The Theory of Everything,2014,"Biography, Drama, Romance",123 min,7.7,A look at the relationship between the famous physicist Stephen Hawking and his wife.,Faroe Islands,2011-12-14,,
True Romance,1993,"Crime, Drama, Romance",119 min,7.9,"In Detroit, a lonely pop culture geek marries a call girl, steals cocaine from her pimp, and tries to sell it in Hollywood. Meanwhile, the owners of the cocaine, the Mob, track them down in an attempt to reclaim it.",Cuba,2023-03-08,,NC-17
The Big Lebowski,1998,"Comedy, Crime, Sport",117 min,8.1,"Jeff ""The Dude"" Lebowski, mistaken for a millionaire of the same name, seeks restitution for his ruined rug and enlists his bowling buddies to help get it.",Armenia,2013-08-13,Cross-group transitional definition,NC-17
Jojo Rabbit,2019,"Comedy, Drama, War",108 min,7.9,A young boy in Hitler's army finds out his mother is hiding a Jewish girl in their home.,Panama,2024-10-24,,G
Life of Pi,2012,"Adventure, Drama, Fantasy",127 min,7.9,"A young man who survives a disaster at sea is hurtled into an epic journey of adventure and discovery. While cast away, he forms an unexpected connection with another survivor: a fearsome Bengal tiger.",Sri Lanka,2019-07-26,,PG
Lage Raho Munna Bhai,2006,"Comedy, Drama, Romance",144 min,8.1,Munna Bhai embarks on a journey with Mahatma Gandhi in order to fight against a corrupt property dealer.,,2010-07-30,,PG-13
Chhichhore,2019,"Comedy, Drama",143 min,8.2,"A tragic incident forces Anirudh, a middle-aged man, to take a trip down memory lane and reminisce his college days along with his friends, who were labelled as losers.",Isle of Man,2000-07-29,,R
Mary Poppins,1964,"Comedy, Family, Fantasy",139 min,7.8,"In turn of the century London, a magical nanny employs music and adventure to help two neglected children become closer to their father.",United Kingdom,2016-04-10,,
Night on Earth,1991,"Comedy, Drama",129 min,7.8,An anthology of 5 different cab drivers in 5 American and European cities and their remarkable fares on the same eventful night.,Saint Kitts and Nevis,2016-11-15,,PG
The Last King of Scotland,2006,"Biography, Drama, History",123 min,7.7,Based on the events of the brutal Ugandan dictator Idi Amin's regime as seen by his personal physician during the 1970s.,,2018-06-04,Intuitive responsive hardware,PG
As Good as It Gets,1997,"Comedy, Drama, Romance",139 min,7.7,"A single mother and waitress, a misanthropic author, and a gay artist form an unlikely friendship after the artist is assaulted in a robbery.",Niue,1999-10-18,Streamlined asymmetric model,R
Trois couleurs: Blanc,1994,"Comedy, Drama, Romance",92 min,7.6,"After his wife divorces him, a Polish immigrant plots to get even with her.",Guinea,2022-11-06,,PG
Vicky Donor,2012,,126 min,7.8,"A man is brought in by an infertility doctor to supply him with his sperm, where he becomes the biggest sperm donor for his clinic.",Rwanda,2004-07-29,,NC-17
Ajeossi,2010,"Action, Crime, Drama",119 min,7.8,A quiet pawnshop keeper with a violent past takes on a drug-and-organ trafficking ring in hope of saving the child who is his only friend.,Burkina Faso,2014-04-14,,NC-17
On the Waterfront,1954,"Crime, Drama, Thriller",108 min,8.1,An ex-prize fighter turned longshoreman struggles to stand up to his corrupt union bosses.,Eritrea,2000-05-18,,Unrated
Gake no ue no Ponyo,2008,"Animation, Adventure, Comedy",101 min,,"A five-year-old boy develops a relationship with Ponyo, a young goldfish princess who longs to become a human after falling in love with him.",El Salvador,2008-09-09,,PG-13
Good Bye Lenin!,2003,"Comedy, Drama, Romance",121 min,7.7,"In 1990, to protect his fragile mother from a fatal shock after a long coma, a young man must keep her from learning that her beloved nation of East Germany as she knew it has disappeared.",,2021-07-05,Organic uniform flexibility,R
Guardians of the Galaxy Vol. 2,2017,"Action, Adventure, Comedy",136 min,7.6,"The Guardians struggle to keep together as a team while dealing with their personal family issues, notably Star-Lord's encounter with his father the ambitious celestial being Ego.",Trinidad and Tobago,2004-06-10,,PG
Zerkalo,1975,"Biography, Drama",107 min,8.1,"A dying man in his forties remembers his past. His childhood, his mother, the war, personal moments and things that tell of the recent history of all the Russian nation.",Tonga,2005-02-23,,PG-13
The Longest Day,1962,"Action, Drama, History",178 min,7.8,"The events of D-Day, told on a grand scale from both the Allied and German points of view.",Belarus,2012-12-27,User-centric 6thgeneration protocol,G
Enter the Dragon,1973,"Action, Crime, Drama",102 min,7.7,A secret agent comes to an opium lord's island fortress with other fighters for a martial-arts tournament.,Antigua and Barbuda,2012-05-01,Cross-platform tertiary open system,Unrated
La dolce vita,1960,"Comedy, Drama",174 min,8.0,A series of stories following a week in the life of a philandering paparazzo journalist living in Rome.,South Africa,2018-07-06,,PG
The Philadelphia Story,1940,"Comedy, Romance",112 min,7.9,"When a rich woman's ex-husband and a tabloid-type reporter turn up just before her planned remarriage, she begins to learn the truth about herself.",,1996-03-03,,PG-13
Sleepers,1996,"Crime, Drama, Thriller",147 min,,"After a prank goes disastrously wrong, a group of boys are sent to a detention center where they are brutalized. Thirteen years later, an unexpected random encounter with a former guard gives them a chance for revenge.",Libyan Arab Jamahiriya,2019-02-25,,Unrated
M - Eine Stadt sucht einen Mörder,1931,"Crime, Mystery, Thriller",117 min,8.3,"When the police in a German city are unable to catch a child-murderer, other criminals join in the manhunt.",French Guiana,2020-05-13,,PG-13
Wo hu cang long,2000,"Action, Adventure, Fantasy",120 min,,A young Chinese warrior steals a sword from a famed swordsman and then escapes into a world of romantic adventure with a mysterious man in the frontier of the nation.,Gibraltar,2016-11-07,,PG
The Man from Earth,2007,"Drama, Fantasy, Mystery",87 min,7.9,An impromptu goodbye party for Professor John Oldman becomes a mysterious interrogation after the retiring scholar reveals to his colleagues he has a longer and stranger past than they can imagine.,Guatemala,2023-10-12,,R
Dangal,2016,"Action, Biography, Drama",161 min,8.4,Former wrestler Mahavir Singh Phogat and his two wrestler daughters struggle towards glory at the Commonwealth Games in the face of societal oppression.,Taiwan,2022-06-17,,PG
Celda 211,2009,"Action, Adventure, Crime",113 min,,"The story of two men on different sides of a prison riot -- the inmate leading the rebellion and the young guard trapped in the revolt, who poses as a prisoner in a desperate attempt to survive the ordeal.",Holy See (Vatican City State),2000-11-22,,Unrated
After Hours,1985,"Comedy, Crime, Drama",97 min,,,,2018-09-03,,G
Batman: Mask of the Phantasm,1993,"Animation, Action, Crime",,,Batman is wrongly implicated in a series of murders of mob bosses actually done by a new vigilante assassin.,Guinea-Bissau,2013-10-28,,Unrated
Fight Club,1999,Drama,139 min,8.8,"An insomniac office worker and a devil-may-care soapmaker form an underground fight club that evolves into something much, much more.",Grenada,2002-04-27,,PG-13
Monty Python and the Holy Grail,1975,"Adventure, Comedy, Fantasy",91 min,,"King Arthur and his Knights of the Round Table embark on a surreal, low-budget search for the Holy Grail, encountering many, very silly obstacles.",Armenia,2022-07-29,Grass-roots tertiary implementation,PG
A Christmas Story,1983,,93 min,7.9,"In the 1940s, a young boy named Ralphie attempts to convince his parents, his teacher and Santa that a Red Ryder BB gun really is the perfect Christmas gift.",Latvia,1995-12-11,,PG
Festen,1998,Drama,105 min,8.0,"At Helge's 60th birthday party, some unpleasant family truths are revealed.",Central African Republic,2001-11-04,,PG
The Prestige,2006,"Drama, Mystery, Sci-Fi",130 min,8.5,"After a tragic accident, two stage magicians engage in a battle to create the ultimate illusion while sacrificing everything they have to outwit each other.",Costa Rica,2000-12-10,,NC-17
Night of the Living Dead,1968,"Horror, Thriller",96 min,7.9,A ragtag group of Pennsylvanians barricade themselves in an old farmhouse to remain safe from a horde of flesh-eating ghouls that are ravaging the East Coast of the United States.,Nepal,2001-02-21,,NC-17
A Streetcar Named Desire,1951,Drama,122 min,8.0,Disturbed Blanche DuBois moves in with her sister in New Orleans and is tormented by her brutish brother-in-law while her reality crumbles around her.,Mexico,2007-03-25,,R
Donnie Brasco,1997,"Biography, Crime, Drama",127 min,7.7,"An FBI undercover agent infiltrates the mob and finds himself identifying more with the mafia life, at the expense of his regular one.",Mauritius,2014-12-12,,PG-13
Shichinin no samurai,1954,"Action, Adventure, Drama",207 min,8.6,A poor village under attack by bandits recruits seven unemployed samurai to help them defend themselves.,Colombia,2018-09-17,,PG-13
Stand by Me,1986,"Adventure, Drama",89 min,8.1,,Anguilla,2001-10-15,,Unrated
